﻿<?xml version="1.0" encoding="UTF-8"?>
<prefab>
  <property name="CopyAirBlocks" value="True" />
  <property name="ExcludeDistantPOIMesh" value="False" />
  <property name="ExcludePOICulling" value="False" />
  <property name="DistantPOIYOffset" value="0" />
  <property name="AllowTopSoilDecorations" value="False" />
  <property name="DifficultyTier" value="0" />
  <property name="ShowQuestClearCount" value="1" />
  <property name="TraderArea" value="False" />
  <property name="PrefabSize" value="7, 8, 7" />
  <property name="RotationToFaceNorth" value="2" />
  <property name="SleeperVolumeSize" value="7, 8, 7" />
  <property name="SleeperVolumeStart" value="0, 0, 0" />
  <property name="SleeperVolumeGroupId" value="0" />
  <property name="SleeperVolumeGroup" value="GroupGenericZombie,1,5" />
  <property name="SleeperIsLootVolume" value="False" />
  <property name="SleeperIsQuestExclude" value="False" />
  <property name="SleeperVolumeFlags" value="3" />
  <property name="SleeperVolumeTriggeredBy" value="1" />
  <property name="Zoning" value="none" />
  <property class="Stats">
    <property name="TotalVertices" value="23997" />
    <property name="TotalTriangles" value="9973" />
    <property class="BlockEntities">
      <property name="Vertices" value="21913" />
      <property name="Triangles" value="8931" />
    </property>
    <property class="ChunkMeshes0">
      <property name="Vertices" value="2084" />
      <property name="Triangles" value="1042" />
    </property>
    <property class="ChunkMeshes1">
      <property name="Vertices" value="0" />
      <property name="Triangles" value="0" />
    </property>
    <property class="ChunkMeshes2">
      <property name="Vertices" value="0" />
      <property name="Triangles" value="0" />
    </property>
    <property class="ChunkMeshes3">
      <property name="Vertices" value="0" />
      <property name="Triangles" value="0" />
    </property>
    <property class="ChunkMeshes4">
      <property name="Vertices" value="0" />
      <property name="Triangles" value="0" />
    </property>
    <property class="ChunkMeshes5">
      <property name="Vertices" value="0" />
      <property name="Triangles" value="0" />
    </property>
  </property>
  <property class="IndexedBlockOffsets">
    <property class="challenge_sinks">
      <property name="0" value="1, 1, 1" />
    </property>
    <property class="TraderOnOff">
      <property name="0" value="4, 3, 1" />
    </property>
    <property class="challenge_leather">
      <property name="0" value="4, 2, 2" />
    </property>
    <property class="POILight">
      <property name="0" value="3, 4, 3" />
    </property>
  </property>
</prefab>